{
  "accuracy": 0.9824561403508771,
  "precision": 0.9861111111111112,
  "recall": 0.9861111111111112,
  "f1": 0.9861111111111112,
  "roc_auc": 0.9953703703703703,
  "n_train": 455,
  "n_test": 114,
  "n_features": 30
}
